name,psnr,ssim,lips,gs_num,loss,abpp,est_size,render_time,view_idx,dec_time_f_offset,dec_time_f_anchor_feat,dec_time_scale,dec_time_coder_time,dec_time_all_time,total_bitsMB,pos_bits,atr_bits,mlp_bits,part_bits_geo,part_bits_mlp,part_bits_f_offset,part_bits_f_anchor_feat,part_bits_scale,gsNum,enc_time_pos,enc_time_f_offset,enc_time_f_anchor_feat,enc_time_scale,enc_time_coder_time,enc_time_all_time,train_time (min): 
ship,30.63265308380127,0.8927380672097206,0.1426243610866368,26589.0,0.05552677348256111,239.57994079589844,0.8037611300733261,0.004282349348068237,99.5,0.032,0.083,0.014,0.13,0.161,0.7607975006103516,338648.0,5616768.0,426616.0,338648.0,426616.0,800048.0,3947912.0,868808.0,26589.0,0.03,0.014,0.052,0.01,0.107,1.423,7.44
materials,29.448723344802858,0.9512226536870003,0.0598480174690485,17846.0,0.041089426781982186,235.0179901123047,0.5297631086759793,0.003976840972900391,99.5,0.021,0.055,0.009,0.085,0.11,0.513178825378418,231424.0,3648312.0,425120.0,231424.0,425120.0,522920.0,2569944.0,555448.0,17846.0,0.025,0.01,0.033,0.008,0.076,0.977,6.75
hotdog,36.8946093082428,0.980840940773487,0.03022399904206395,17322.0,0.03177963168360293,244.70655822753906,0.5342143460875377,0.0041587698459625245,99.5,0.024,0.052,0.009,0.085,0.107,0.5078029632568359,236792.0,3597816.0,425152.0,236792.0,425152.0,763200.0,2287720.0,546896.0,17322.0,0.018,0.013,0.031,0.007,0.068,0.976,7.6
lego,34.91279195785523,0.9776042237877846,0.02277197831310332,53730.0,0.034744548983871935,255.97744750976562,1.7292366331457742,0.004750512838363648,99.5,0.077,0.155,0.026,0.258,0.339,1.4724245071411133,619976.0,11306400.0,425216.0,619976.0,425216.0,2635824.0,7062400.0,1608176.0,53730.0,0.057,0.041,0.099,0.02,0.217,2.825,7.22
ficus,34.59544240951538,0.9837141180038452,0.015447755143977702,19337.0,0.030682606771588326,234.43377685546875,0.5726771286790608,0.00385390043258667,99.5,0.023,0.059,0.01,0.092,0.116,0.5255069732666016,247664.0,3735208.0,425400.0,247664.0,425400.0,582144.0,2564672.0,588392.0,19337.0,0.024,0.012,0.034,0.007,0.077,1.071,6.5
mic,35.15645534515381,0.9884297180175782,0.012098157862201333,13898.0,0.027030684230849148,217.74853515625,0.3839541842462495,0.003899306058883667,99.5,0.017,0.04,0.007,0.064,0.082,0.3911867141723633,168304.0,2688224.0,424984.0,168304.0,424984.0,452040.0,1807496.0,428688.0,13898.0,0.015,0.008,0.025,0.005,0.053,0.796,6.52
drums,26.196602506637575,0.9503904521465302,0.04557611918076873,36677.0,0.0470839168690145,261.1784973144531,1.2031461889746424,0.004210559129714966,99.5,0.054,0.112,0.019,0.185,0.235,1.0903196334838867,392152.0,8327816.0,426296.0,392152.0,426296.0,1952848.0,5236912.0,1138056.0,36677.0,0.026,0.029,0.07,0.015,0.14,1.964,7.02
chair,34.13804502487183,0.9806402176618576,0.01822202012874186,31265.0,0.033915914120152595,255.30419921875,1.0037178741185926,0.0038728630542755127,99.5,0.045,0.095,0.016,0.157,0.193,0.9124307632446289,378296.0,6850968.0,424760.0,378296.0,424760.0,1640832.0,4233464.0,976672.0,31265.0,0.043,0.025,0.057,0.012,0.136,1.675,7.03
mean,32.74691537261009,0.9631975489109754,0.04335155102831777,27083.0,0.03773168786545284,242.9933681488037,0.8450588242501453,0.0041256377100944526,99.5,0.036625000000000005,0.081375,0.01375,0.132,0.167875,0.7717059850692749,326657.0,5721439.0,425443.0,326657.0,425443.0,1168732.0,3713815.0,838892.0,27083.0,0.02975,0.019000000000000003,0.050125,0.010499999999999999,0.10925000000000001,1.463375,7.01
